PanID,Site,Date_collected,Volume_Filtered_ml,Pan_g,Pan + Filter (g),Pan + Dried (g),Pan+Ash (g),Ash_wt_g,VSS_gL,VSS_mgL,POC_mgL,DI + Dried (g),,,,,,,,,
13,Blank,,,1.3175,1.4284,1.4284,1.4284,0,#DIV/0!,#DIV/0!,#DIV/0!,,,,Volatile Suspended Solids (VSS) Data,,,,,,* estimated that 50% of VSS is carbon
17,COS-BEACH,2018-12-10,750,1.2992,1.409,1.4145,1.4131,0.0014,0.001866667,1.866666667,0.933333333,,,,,,,,,,
22,COS-BEACH,2018-12-10,750,1.3148,1.4266,1.4331,1.4318,0.0013,0.001733333,1.733333333,0.866666667,,,,,,,,,,
14,COS-BEACH,2018-12-10,750,1.3081,1.4189,1.4255,1.4239,0.0016,0.002133333,2.133333333,1.066666667,,,,,,,,,,
13,COS-BEACH,2018-12-20,300,1.3166,1.4287,1.4351,1.4326,0.0025,0.008333333,8.333333333,4.166666667,,,,,,,,,,
14,COS-BEACH,2018-12-20,310,1.3073,1.4193,1.426,1.4232,0.0028,0.009032258,9.032258065,4.516129032,,,,,,,,,,
17,COS-BEACH,2018-12-20,320,1.2982,1.4114,1.4179,1.4155,0.0024,0.0075,7.5,3.75,,,,,,,,,,
22,COS-BEACH,2019-01-04,770,1.3166,1.4287,1.4351,1.4326,0.0025,0.003246753,3.246753247,1.623376623,,,,,,,,,,
4,COS-BEACH,2019-01-04,655,1.3098,1.423,1.4293,1.4272,0.0021,0.003206107,3.20610687,1.603053435,,,,,,,,,,
20,COS-BEACH,2019-01-04,700,1.3108,1.4235,1.4301,1.4278,0.0023,0.003285714,3.285714286,1.642857143,,,,,,,,,,
23,MOK-US-RR,2019-01-04,2000,1.3071,1.4194,1.4226,1.4212,0.0014,0.0007,0.7,0.35,,,,,,,,,,
12,MOK-US-RR,2019-01-04,2000,-,1.4155,1.419,1.4176,0.0014,0.0007,0.7,0.35,,,,,,,,,,
3,MOK-US-RR,2019-01-04,2000,-,1.3987,1.4022,1.4009,0.0013,0.00065,0.65,0.325,,,,,,,,,,
18,KNAGGS,2019-01-08,575,-,1.4121,1.428,1.4257,0.0023,0.004,4,2,,,,,,,,,,
10,KNAGGS,2019-01-08,460,-,1.4018,1.4146,1.4127,0.0019,0.004130435,4.130434783,2.065217391,,,,,,,,,,
13,KNAGGS,2019-01-08,480,-,1.4278,1.4414,1.4396,0.0018,0.00375,3.75,1.875,,,,,,,,,,
21,KNAGGS,2019-01-17,100,-,1.4154,1.4561,1.4512,0.0049,0.049,49,24.5,,,,,,,,,,
18,KNAGGS,2019-01-17,110,1.2988,1.4099,1.4488,1.4442,0.0046,0.041818182,41.81818182,20.90909091,,,,,,,,,,
14,KNAGGS,2019-01-17,110,1.3067,1.4179,1.4568,1.4521,0.0047,0.042727273,42.72727273,21.36363636,,,,,,,,,,
17,XSSAC,2019-01-17,250,1.2974,1.4086,1.4325,1.43,0.0025,0.01,10,5,,,,,,,,,,
2,XSSAC,2019-01-17,215,1.2736,1.3849,1.4009,1.399,0.0019,0.008837209,8.837209302,4.418604651,,,,,,,,,,
3,XSSAC,2019-01-17,200,1.2873,1.3986,1.419,1.4169,0.0021,0.0105,10.5,5.25,,,,,,,,,,
22,COS-TRI,2019-01-17,275,1.3134,1.4251,1.4299,1.4312,-0.0013,-0.004727273,-4.727272727,-2.363636364,,,,,,,,,,
20,COS-TRI,2019-01-17,300,1.3103,1.4217,1.431,1.4283,0.0027,0.009,9,4.5,,,,,,,,,,
23,COS-TRI,2019-01-17,350,1.3068,1.4179,1.4298,1.4263,0.0035,0.01,10,5,,,,,,,,,,
13,MOK-US-RR,2019-01-17,1000,1.3175,1.4279,1.4388,1.437,0.0018,0.0018,1.8,0.9,,,,,,,,,,
10,MOK-US-RR,2019-01-17,1000,1.3092,1.4016,1.412,1.4101,0.0019,0.0019,1.9,0.95,,,,,,,,,,
24,MOK-US-RR,2019-01-17,1000,1.2948,1.4064,1.4181,1.4162,0.0019,0.0019,1.9,0.95,,,,,,,,,,
25,COS-BEACH,2019-01-17,430,1.3004,1.4124,1.4231,1.4209,0.0022,0.005116279,5.11627907,2.558139535,,,,,,,,,,
9,COS-BEACH,2019-01-17,360,1.2905,1.4008,1.4099,1.4078,0.0021,0.005833333,5.833333333,2.916666667,,,,,,,,,,
19,COS-BEACH,2019-01-17,400,1.3008,1.414,1.4227,1.4207,0.002,0.005,5,2.5,,,,,,,,,,
7,XSSAC,2019-01-28,390,1.2764,1.3894,1.413,1.4111,0.0019,0.004871795,4.871794872,2.435897436,,,,,,,,,,
16,XSSAC,2019-01-28,375,1.305,1.4166,1.4343,1.4325,0.0018,0.0048,4.8,2.4,,,,,,,,,,
8,XSSAC,2019-01-28,370,1.294,1.4059,1.4258,1.4239,0.0019,0.005135135,5.135135135,2.567567568,,,,,,,,,,
33,KNAGGS,2019-01-29,350,1.2868,1.3962,1.4143,1.4117,0.0026,0.007428571,7.428571429,3.714285714,,,,,,,,,,
34,KNAGGS,2019-01-29,350,1.3083,1.4194,1.4387,1.4357,0.003,0.008571429,8.571428571,4.285714286,,,,,,,,,,
35,KNAGGS,2019-01-29,350,1.3101,1.422,1.4431,1.4398,0.0033,0.009428571,9.428571429,4.714285714,,,,,,,,,,
2,COS-BEACH,2019-01-31,540,1.2742,1.3863,1.3974,1.395,0.0024,0.004444444,4.444444444,2.222222222,,,,,,,,,,
3,COS-BEACH,2019-01-31,450,1.2874,1.4,1.4102,1.4078,0.0024,0.005333333,5.333333333,2.666666667,,,,,,,,,,
14,COS-BEACH,2019-01-31,440,1.3071,1.4197,1.4303,1.4278,0.0025,0.005681818,5.681818182,2.840909091,,,,,,,,,,
20,MOK-US-RR,2019-01-31,1250,1.3104,1.4219,1.4325,1.4303,0.0022,0.00176,1.76,0.88,,,,,,,,,,
21,MOK-US-RR,2019-01-31,1250,1.3026,1.4144,1.4243,1.4222,0.0021,0.00168,1.68,0.84,,,,,,,,,,
22,MOK-US-RR,2019-01-31,1200,1.3133,1.4247,1.4304,1.4288,0.0016,0.001333333,1.333333333,0.666666667,,,,,,,,,,
11,COS-TRI,2019-01-31,770,1.3131,1.4255,1.4491,1.4434,0.0057,0.007402597,7.402597403,3.701298701,,,,,,,,,,
13,COS-TRI,2019-01-31,700,1.3163,1.4287,1.4488,1.4438,0.005,0.007142857,7.142857143,3.571428571,,,,,,,,,,
19,COS-TRI,2019-01-31,720,1.301,1.4136,1.4332,1.4282,0.005,0.006944444,6.944444444,3.472222222,,,,,,,,,,
24,XSSAC,2019-02-11,400,1.2946,1.4076,1.4246,1.4231,0.0015,0.00375,3.75,1.875,,,,,,,,,,
25,XSSAC,2019-02-11,400,1.3001,1.4129,1.4295,1.4276,0.0019,0.00475,4.75,2.375,,,,,,,,,,
29,XSSAC,2019-02-11,350,1.3033,1.4159,1.4338,1.4317,0.0021,0.006,6,3,,,,,,,,,,
2,KNAGGS,2019-02-12,75,1.2874,1.3979,1.4448,1.441,0.0038,0.050666667,50.66666667,25.33333333,,,,,,,,,,
3,KNAGGS,2019-02-12,75,1.3098,1.4197,1.4651,1.4609,0.0042,0.056,56,28,,,,,,,,,,
7,KNAGGS,2019-02-12,75,1.2766,1.3866,1.4339,1.4297,0.0042,0.056,56,28,,,,,,,,,,
12,COS-TRI,2019-02-13,720,1.3032,1.4136,1.4213,1.4195,0.0018,0.0025,2.5,1.25,,,,,,,,,,
13,COS-TRI,2019-02-13,1000,1.3163,1.4261,1.4366,1.4345,0.0021,0.0021,2.1,1.05,,,,,,,,,,
14,COS-TRI,2019-02-13,1000,1.3072,1.4173,1.428,1.426,0.002,0.002,2,1,,,,,,,,,,
17,WENDELLS,2019-02-13,800,1.2982,1.4075,1.4209,1.4187,0.0022,0.00275,2.75,1.375,,,,,,,,,,
18,WENDELLS,2019-02-13,900,1.2994,1.409,1.4242,1.4217,0.0025,0.002777778,2.777777778,1.388888889,,,,,,,,,,
19,WENDELLS,2019-02-13,860,1.301,1.4103,1.4258,1.4235,0.0023,0.002674419,2.674418605,1.337209302,,,,,,,,,,
22,COS-BEACH,2019-02-14,450,1.3132,1.4239,1.4337,1.4318,0.0019,0.004222222,4.222222222,2.111111111,,,,,,,,,,
23,COS-BEACH,2019-02-14,450,1.307,1.4178,1.4269,1.4251,0.0018,0.004,4,2,,,,,,,,,,
27,COS-BEACH,2019-02-14,450,1.2918,1.4021,1.4122,1.4103,0.0019,0.004222222,4.222222222,2.111111111,,,,,,,,,,
1,MOK-US-RR,2019-02-14,750,1.3034,1.4132,1.4323,1.43,0.0023,0.003066667,3.066666667,1.533333333,,,,,,,,,,
2,MOK-US-RR,2019-02-14,700,1.2745,1.3837,1.4027,1.4003,0.0024,0.003428571,3.428571429,1.714285714,,,,,,,,,,
8,MOK-US-RR,2019-02-14,700,1.2938,1.4033,1.4229,1.4206,0.0023,0.003285714,3.285714286,1.642857143,,,,,,,,,,
9,LUCO,2019-02-19,2000,1.2896,1.3996,1.4083,1.4054,0.0029,0.00145,1.45,0.725,,,,,,,,,,
10,XSSAC,2019-02-25,350,1.289,1.3985,1.4245,1.4224,0.0021,0.006,6,3,,,,,,,,,,
11,XSSAC,2019-02-25,350,1.3131,1.4228,1.453,1.4505,0.0025,0.007142857,7.142857143,3.571428571,,,,,,,,,,
15,XSSAC,2019-02-25,350,1.2996,1.4089,1.4388,1.4364,0.0024,0.006857143,6.857142857,3.428571429,,,,,,,,,,
20,KNAGGS,2019-02-26,200,1.3109,1.4198,1.4392,1.4371,0.0021,0.0105,10.5,5.25,,,,,,,,,,
21,KNAGGS,2019-02-26,200,1.3028,1.4127,1.4298,1.4279,0.0019,0.0095,9.5,4.75,,,,,,,,,,
25,KNAGGS,2019-02-26,200,1.3002,1.4096,1.4267,1.4248,0.0019,0.0095,9.5,4.75,,,,,,,,,,
1,COS-TRI,2019-02-26,1000,1.3037,1.4137,1.4196,1.4183,0.0013,0.0013,1.3,0.65,,,,,,,,,,
2,COS-TRI,2019-02-26,1000,1.2745,1.3856,1.3929,1.3914,0.0015,0.0015,1.5,0.75,,,,,,,,,,
3,COS-TRI,2019-02-26,1000,1.2877,1.3969,1.403,1.4018,0.0012,0.0012,1.2,0.6,,,,,,,,,,
8,WENDELLS,2019-02-26,900,1.2937,1.4035,1.4219,1.4197,0.0022,0.002444444,2.444444444,1.222222222,,,,,,,,,,
12,WENDELLS,2019-02-26,900,1.303,1.413,1.4355,1.4328,0.0027,0.003,3,1.5,,,,,,,,,,
13,WENDELLS,2019-02-26,900,1.3165,1.4264,1.4486,1.4463,0.0023,0.002555556,2.555555556,1.277777778,,,,,,,,,,
18,COS-BEACH,2019-02-27,500,1.2994,1.411,1.4205,1.4184,0.0021,0.0042,4.2,2.1,,,,,,,,,,
19,COS-BEACH,2019-02-27,410,1.3009,1.4112,1.4188,1.4172,0.0016,0.003902439,3.902439024,1.951219512,,,,,,,,,,
22,COS-BEACH,2019-02-27,450,1.3135,1.4244,1.4329,1.4309,0.002,0.004444444,4.444444444,2.222222222,,,,,,,,,,
33,MOK-US-RR,2019-02-27,400,1.2854,1.3951,1.4102,1.4082,0.002,0.005,5,2.5,,,,,,,,,,
4,MOK-US-RR,2019-02-27,400,1.3097,1.4207,1.4358,1.4337,0.0021,0.00525,5.25,2.625,,,,,,,,,,
7,MOK-US-RR,2019-02-27,400,1.2768,1.3886,1.4049,1.4028,0.0021,0.00525,5.25,2.625,,,,,,,,,,
29,BABYMARSH,2019-02-28,225,1.3037,1.4145,1.4293,1.4267,0.0026,0.011555556,11.55555556,5.777777778,,,,,,,,,,
30,BABYMARSH,2019-02-28,225,1.307,1.419,1.4338,1.4313,0.0025,0.011111111,11.11111111,5.555555556,,,,,,,,,,
31,BABYMARSH,2019-02-28,225,1.304,1.4157,1.4301,1.4278,0.0023,0.010222222,10.22222222,5.111111111,,,,,,,,,,
32,COS-TRI,2019-03-07,800,1.2809,1.3916,1.4026,1.4011,0.0015,0.001875,1.875,0.9375,,,,,,,,,,
1,COS-TRI,2019-03-07,750,1.3037,1.4146,1.4257,1.4241,0.0016,0.002133333,2.133333333,1.066666667,,,,,,,,,,
2,COS-TRI,2019-03-07,750,1.2749,1.3857,1.396,1.3946,0.0014,0.001866667,1.866666667,0.933333333,,,,,,,,,,
3,WENDELLS,2019-03-07,700,1.2879,1.3998,1.4136,1.4119,0.0017,0.002428571,2.428571429,1.214285714,,,,,,,,,,
8,WENDELLS,2019-03-07,700,1.2941,1.4065,1.4208,1.4192,0.0016,0.002285714,2.285714286,1.142857143,,,,,,,,,,
9,WENDELLS,2019-03-07,650,1.2902,1.4011,1.414,1.4124,0.0016,0.002461538,2.461538462,1.230769231,,,,,,,,,,
10,COS-BEACH,2019-03-07,750,1.2893,1.4007,1.4089,1.4077,0.0012,0.0016,1.6,0.8,,,,,,,,,,
11,COS-BEACH,2019-03-07,800,1.3133,1.4248,1.4327,1.4316,0.0011,0.001375,1.375,0.6875,,,,,,,,,,
12,COS-BEACH,2019-03-07,750,1.3032,1.4151,1.4223,1.4212,0.0011,0.001466667,1.466666667,0.733333333,,,,,,,,,,
4,MOK-US-RR,2018-03-07,800,1.3098,1.4205,1.4297,1.4283,0.0014,0.00175,1.75,0.875,,,,,,,,,,
7,MOK-US-RR,2017-03-07,800,1.2771,1.388,1.3971,1.3957,0.0014,0.00175,1.75,0.875,,,,,,,,,,
19,MOK-US-RR,2016-03-07,850,1.3012,1.4119,1.4224,1.4206,0.0018,0.002117647,2.117647059,1.058823529,,,,,,,,,,
18,BABYMARSH,2019-03-08,200,1.2997,1.4099,1.4317,1.4294,0.0023,0.0115,11.5,5.75,,,,,,,,,,
22,BABYMARSH,2019-03-08,200,1.3135,1.4244,1.4466,1.4444,0.0022,0.011,11,5.5,,,,,,,,,,
29,BABYMARSH,2019-03-08,200,1.3037,1.4144,1.4365,1.4342,0.0023,0.0115,11.5,5.75,,,,,,,,,,
30,KNAGGS,2019-03-10,250,1.3069,1.4178,1.4361,1.4336,0.0025,0.01,10,5,,,,,,,,,,
13,KNAGGS,2019-03-10,250,1.3166,1.4272,1.4466,1.4443,0.0023,0.0092,9.2,4.6,,,,,,,,,,
14,KNAGGS,2019-03-10,250,1.3072,1.4178,1.4359,1.4336,0.0023,0.0092,9.2,4.6,,,,,,,,,,
17,XSSAC,2019-03-11,300,1.2981,1.4085,1.4257,1.424,0.0017,0.005666667,5.666666667,2.833333333,,,,,,,,,,
20,XSSAC,2019-03-11,300,1.311,1.4215,1.4381,1.4364,0.0017,0.005666667,5.666666667,2.833333333,,,,,,,,,,
21,XSSAC,2019-03-11,300,1.3028,1.4148,1.4308,1.4291,0.0017,0.005666667,5.666666667,2.833333333,,,,,,,,,,
23,KNAGGS,2018-03-13,300,1.3071,1.4185,1.4384,1.4358,0.0026,0.008666667,8.666666667,4.333333333,,,,,,,,,,
24,KNAGGS,2018-03-13,250,1.2946,1.4051,1.4229,1.4206,0.0023,0.0092,9.2,4.6,,,,,,,,,,
25,KNAGGS,2018-03-13,200,1.3002,1.4114,1.4262,1.4243,0.0019,0.0095,9.5,4.75,,,,,,,,,,
35,COS-BEACH,2019-03-14,1000,1.3103,1.4213,1.4266,1.4253,0.0013,0.0013,1.3,0.65,,,,,,,,,,
36,COS-BEACH,2019-03-14,1000,1.3069,1.4189,1.4244,1.4229,0.0015,0.0015,1.5,0.75,,,,,,,,,,
15,COS-BEACH,2019-03-14,500,1.3,1.4117,1.4146,1.414,0.0006,0.0012,1.2,0.6,,,,,,,,,,
1,BABYMARSH,2019-03-14,190,1.3038,1.4161,1.4313,1.4296,0.0017,0.008947368,8.947368421,4.473684211,,,,,,,,,,
2,BABYMARSH,2019-03-14,270,1.2751,1.3872,1.4071,1.4046,0.0025,0.009259259,9.259259259,4.62962963,,,,,,,,,,
4,BABYMARSH,2019-03-14,245,1.3098,1.4216,1.4435,1.4404,0.0031,0.012653061,12.65306122,6.326530612,,,,,,,,,,
7,COS-TRI,2019-03-14,1000,1.2771,1.3892,1.3996,1.3981,0.0015,0.0015,1.5,0.75,,,,,,,,,,
8,COS-TRI,2019-03-14,1000,1.2942,1.4059,1.4134,1.412,0.0014,0.0014,1.4,0.7,,,,,,,,,,
9,COS-TRI,2019-03-14,750,1.2903,1.4023,1.4122,1.4106,0.0016,0.002133333,2.133333333,1.066666667,,,,,,,,,,
12,MOK-US-RR,2019-03-14,1000,1.3034,1.4148,1.4284,1.4267,0.0017,0.0017,1.7,0.85,,,,,,,,,,
18,MOK-US-RR,2019-03-14,1000,1.2997,1.4104,1.4254,1.4235,0.0019,0.0019,1.9,0.95,,,,,,,,,,
22,MOK-US-RR,2019-03-14,1000,1.3139,1.4255,1.4412,1.4394,0.0018,0.0018,1.8,0.9,,,,,,,,,,
3,WENDELLS,2019-03-14,1000,1.288,1.4001,1.4177,1.4156,0.0021,0.0021,2.1,1.05,,,,,,,,,,
10,COS-TRI,2019-03-20,1000,1.2894,1.4012,1.4053,1.4042,0.0011,0.0011,1.1,0.55,,,,,,,,,,
11,COS-TRI,2019-03-20,1000,1.3135,1.4252,1.4288,1.4279,0.0009,0.0009,0.9,0.45,,,,,,,,,,
13,COS-TRI,2019-03-20,1000,1.3169,1.4285,1.4321,1.4313,0.0008,0.0008,0.8,0.4,,,,,,,,,,
16,WENDELLS,2019-03-20,1000,1.3015,1.4168,1.4338,1.4317,0.0021,0.0021,2.1,1.05,,,,,,,,,,
17,WENDELLS,2019-03-20,1000,1.2986,1.4105,1.431,1.4288,0.0022,0.0022,2.2,1.1,,,,,,,,,,
19,WENDELLS,2019-03-20,1000,1.3015,1.4134,1.4365,1.4342,0.0023,0.0023,2.3,1.15,,,,,,,,,,
21,COS-BEACH,2019-03-20,1000,1.3028,1.4146,1.4194,1.4179,0.0015,0.0015,1.5,0.75,,,,,,,,,,
23,COS-BEACH,2019-03-20,1000,1.3074,1.4191,1.424,1.4226,0.0014,0.0014,1.4,0.7,,,,,,,,,,
24,COS-BEACH,2019-03-20,1000,1.2949,1.4063,1.4109,1.4095,0.0014,0.0014,1.4,0.7,,,,,,,,,,
27,MOK-US-RR,2019-03-20,1000,1.292,1.4035,1.4143,1.4128,0.0015,0.0015,1.5,0.75,,,,,,,,,,
29,MOK-US-RR,2019-03-20,1000,1.3039,1.4147,1.4271,1.4256,0.0015,0.0015,1.5,0.75,,,,,,,,,,
30,MOK-US-RR,2019-03-20,1000,1.307,1.4187,1.4301,1.4286,0.0015,0.0015,1.5,0.75,,,,,,,,,,
32,XSSAC,2019-03-22,750,1.2811,1.3932,1.4156,1.4137,0.0019,0.002533333,2.533333333,1.266666667,,,,,,,,,,
4,XSSAC,2019-03-22,750,1.31,1.4225,1.4491,1.4471,0.002,0.002666667,2.666666667,1.333333333,,,,,,,,,,
7,XSSAC,2019-03-22,750,1.2774,1.3899,1.4141,1.4122,0.0019,0.002533333,2.533333333,1.266666667,,,,,,,,,,
22,BABYMARSH,2019-03-22,600,1.3141,1.4252,1.439,1.4362,0.0028,0.004666667,4.666666667,2.333333333,1.4363,,,,,,,,,
2,BABYMARSH,2019-03-22,600,1.2753,1.386,1.3994,1.3962,0.0032,0.005333333,5.333333333,2.666666667,1.3965,,,,,,,,,
15,BABYMARSH,2019-03-22,600,1.3004,1.4116,1.4242,1.4212,0.003,0.005,5,2.5,1.4212,,,,,,,,,
12,KNAGGS,2019-03-22,400,1.3033,1.4155,1.4297,1.4273,0.0024,0.006,6,3,1.4276,,,,,,,,,
8,KNAGGS,2019-03-22,350,1.2944,1.4054,1.4185,1.4164,0.0021,0.006,6,3,1.4166,,,,,,,,,
18,KNAGGS,2019-03-22,450,1.3,1.4111,1.4301,1.4273,0.0028,0.006222222,6.222222222,3.111111111,1.4276,,,,,,,,,
36,XSSAC,2019-03-25,1000,1.3042,1.4186,1.4403,1.4382,0.0021,0.0021,2.1,1.05,,,,,,,,,,
1,XSSAC,2019-03-25,1000,1.304,1.4155,1.449,1.4461,0.0029,0.0029,2.9,1.45,,,,,,,,,,
14,XSSAC,2019-03-25,850,1.3075,1.4204,1.4515,1.4486,0.0029,0.003411765,3.411764706,1.705882353,,,,,,,,,,
31,MOK-US-RR,2019-03-26,1000,1.3042,1.4154,1.4244,1.4233,0.0011,0.0011,1.1,0.55,,,,,,,,,,
33,MOK-US-RR,2019-03-26,1000,1.2855,1.3973,1.4062,1.4048,0.0014,0.0014,1.4,0.7,,,,,,,,,,
34,MOK-US-RR,2019-03-26,1000,1.3085,1.4202,1.4291,1.4278,0.0013,0.0013,1.3,0.65,,,,,,,,,,
9,COS-BEACH,2019-03-26,1000,1.2895,1.4015,1.4111,1.4093,0.0018,0.0018,1.8,0.9,,,,,,,,,,
10,COS-BEACH,2019-03-26,1000,1.2896,1.4016,1.4066,1.4056,0.001,0.001,1,0.5,,,,,,,,,,
11,COS-BEACH,2019-03-26,1000,1.3135,1.4263,1.4305,1.4294,0.0011,0.0011,1.1,0.55,,,,,,,,,,
17,COS-TRI,2019-03-26,1000,1.2988,1.4104,1.4169,1.4152,0.0017,0.0017,1.7,0.85,,,,,,,,,,
19,COS-TRI,2019-03-26,1000,1.3015,1.4134,1.4222,1.4206,0.0016,0.0016,1.6,0.8,,,,,,,,,,
35,COS-TRI,2019-03-26,1000,1.3105,1.4222,1.428,1.4267,0.0013,0.0013,1.3,0.65,,,,,,,,,,
21,WENDELLS,2019-03-26,1000,1.303,1.4145,1.4271,1.4253,0.0018,0.0018,1.8,0.9,,,,,,,,,,
23,WENDELLS,2019-03-26,1000,1.3074,1.4191,1.4341,1.432,0.0021,0.0021,2.1,1.05,,,,,,,,,,
24,WENDELLS,2019-03-26,1000,1.2949,1.4067,1.4214,1.4195,0.0019,0.0019,1.9,0.95,,,,,,,,,,
30,BABYMARSH,2019-03-27,625,1.307,1.4191,1.429,1.4269,0.0021,0.00336,3.36,1.68,,,,,,,,,,
32,BABYMARSH,2019-03-27,625,1.281,1.3924,1.403,1.4005,0.0025,0.004,4,2,,,,,,,,,,
3,BABYMARSH,2019-03-27,625,1.2879,1.3985,1.4091,1.4068,0.0023,0.00368,3.68,1.84,,,,,,,,,,
13,KNAGGS,2019-03-27,245,1.317,1.4277,1.4495,1.447,0.0025,0.010204082,10.20408163,5.102040816,1.4466,,,,,,,,,
20,KNAGGS,2019-03-27,250,1.3115,1.4222,1.4434,1.4406,0.0028,0.0112,11.2,5.6,1.4403,,,,,,,,,
16,KNAGGS,2019-03-27,250,1.3055,1.475,1.4428,1.4398,0.003,0.012,12,6,1.4396,,,,,,,,,
29,COS-TRI,2019-04-02,1000,1.3036,1.4146,1.4186,1.4178,0.0008,0.0008,0.8,0.4,,,,,,,,,,
37,COS-TRI,2019-04-02,1000,1.2925,1.4031,1.4085,1.4074,0.0011,0.0011,1.1,0.55,,,,,,,,,,
1,COS-TRI,2019-04-02,1000,1.3042,1.4156,1.4194,1.4182,0.0012,0.0012,1.2,0.6,,,,,,,,,,
7,KNAGGS,2019-04-02,250,1.2775,1.3897,1.4475,1.4415,0.006,0.024,24,12,1.4414,,,,,,,,,
8,KNAGGS,2019-04-02,250,1.2947,1.4074,1.4719,1.4652,0.0067,0.0268,26.8,13.4,1.4652,,,,,,,,,
9,KNAGGS,2019-04-02,250,1.2896,1.4009,1.4635,1.4571,0.0064,0.0256,25.6,12.8,1.457,,,,,,,,,
14,COS-TRI,2019-04-03,1000,1.3078,1.4196,1.428,1.4266,0.0014,0.0014,1.4,0.7,,,,,,,,,,
15,COS-TRI,2019-04-03,1000,1.3006,1.4114,1.4217,1.418,0.0037,0.0037,3.7,1.85,,,,,,,,,,
17,COS-TRI,2019-04-03,1000,1.2988,1.4106,1.4202,1.4187,0.0015,0.0015,1.5,0.75,,,,,,,,,,
18,BABYMARSH,2019-04-04,750,1.3,1.4131,1.4243,1.422,0.0023,0.003066667,3.066666667,1.533333333,,,,,,,,,,
19,BABYMARSH,2019-04-04,750,1.3016,1.4135,1.4257,1.4231,0.0026,0.003466667,3.466666667,1.733333333,,,,,,,,,,
24,BABYMARSH,2019-04-04,700,1.2951,1.4076,1.4181,1.4158,0.0023,0.003285714,3.285714286,1.642857143,,,,,,,,,,
23,COS-BEACH,2019-04-03,1000,1.3077,1.4203,1.4227,1.4219,0.0008,0.0008,0.8,0.4,,,,,,,,,,
2,COS-BEACH,2019-04-03,1000,1.2754,1.3861,1.3888,1.3877,0.0011,0.0011,1.1,0.55,,,,,,,,,,
4,COS-BEACH,2019-04-03,1000,1.3099,1.4212,1.4238,1.423,0.0008,0.0008,0.8,0.4,,,,,,,,,,
31,MOK-US-RR,2019-04-03,1000,1.3047,1.4156,1.423,1.4221,0.0009,0.0009,0.9,0.45,,,,,,,,,,
33,MOK-US-RR,2019-04-03,1000,1.2856,1.3966,1.404,1.4029,0.0011,0.0011,1.1,0.55,,,,,,,,,,
34,MOK-US-RR,2019-04-03,1000,1.3087,1.4189,1.427,1.4259,0.0011,0.0011,1.1,0.55,,,,,,,,,,
11,WENDELLS,2019-04-03,1000,1.3136,1.4258,1.4477,1.4455,0.0022,0.0022,2.2,1.1,,,,,,,,,,
10,WENDELLS,2019-04-03,1000,1.3182,1.4015,1.4258,1.4234,0.0024,0.0024,2.4,1.2,,,,,,,,,,
12,WENDELLS,2019-04-03,1000,1.3035,1.4153,1.4387,1.4364,0.0023,0.0023,2.3,1.15,,,,,,,,,,
3,XSSAC,2019-04-08,1000,1.2881,1.3995,1.4183,1.4165,0.0018,0.0018,1.8,0.9,,,,,,,,,,
30,XSSAC,2019-04-08,1000,1.3071,1.4202,1.4406,1.4387,0.0019,0.0019,1.9,0.95,,,,,,,,,,
32,XSSAC,2019-04-08,1000,1.2812,1.3932,1.413,1.411,0.002,0.002,2,1,,,,,,,,,,
15,BABYMARSH,2019-04-09,1000,1.3005,1.4114,1.4246,1.4224,0.0022,0.0022,2.2,1.1,,,,,,,,,,
17,BABYMARSH,2019-04-09,1000,1.2988,1.4108,1.4233,1.4211,0.0022,0.0022,2.2,1.1,,,,,,,,,,
18,BABYMARSH,2019-04-09,1000,1.2998,1.4109,1.4233,1.4211,0.0022,0.0022,2.2,1.1,,,,,,,,,,
22,COS-TRI,2019-04-10,1000,1.3139,1.426,1.4331,1.4321,0.001,0.001,1,0.5,,,,,,,,,,
24,COS-TRI,2019-04-10,1000,1.2952,1.4071,1.4141,1.4131,0.001,0.001,1,0.5,,,,,,,,,,
25,COS-TRI,2019-04-10,1000,1.3007,1.4129,1.4194,1.4185,0.0009,0.0009,0.9,0.45,,,,,,,,,,
35,WENDELLS,2019-04-10,1000,1.3105,1.4229,1.4379,1.4363,0.0016,0.0016,1.6,0.8,,,,,,,,,,
36,WENDELLS,2019-04-10,1000,1.307,1.4193,1.4352,1.4336,0.0016,0.0016,1.6,0.8,,,,,,,,,,
37,WENDELLS,2019-04-10,1000,1.2923,1.4037,1.4188,1.4171,0.0017,0.0017,1.7,0.85,,,,,,,,,,
7,KNAGGS,2019-04-10,300,1.2774,1.388,1.4292,1.425,0.0042,0.014,14,7,1.4252,,,,,,,,,
8,KNAGGS,2019-04-10,300,1.2947,1.4059,1.442,1.4381,0.0039,0.013,13,6.5,1.4382,,,,,,,,,
9,KNAGGS,2019-04-10,300,1.2896,1.4015,1.4445,1.4403,0.0042,0.014,14,7,1.4404,,,,,,,,,
12,COS-BEACH,2019-04-11,1000,1.3034,1.4149,1.425,1.4233,0.0017,0.0017,1.7,0.85,,,,,,,,,,
13,COS-BEACH,2019-04-11,1000,1.3171,1.4282,1.4328,1.4317,0.0011,0.0011,1.1,0.55,,,,,,,,,,
16,COS-BEACH,2019-04-11,1000,1.3055,1.4161,1.4207,1.4197,0.001,0.001,1,0.5,,,,,,,,,,
31,MOK-US-RR,2019-04-11,1000,1.3048,1.4158,1.4255,1.4242,0.0013,0.0013,1.3,0.65,,,,,,,,,,
33,MOK-US-RR,2019-04-11,1000,1.2856,1.3965,1.4072,1.406,0.0012,0.0012,1.2,0.6,,,,,,,,,,
34,MOK-US-RR,2019-04-11,1000,1.3088,1.4196,1.43,1.4287,0.0013,0.0013,1.3,0.65,,,,,,,,,,
10,XSSAC,2019-04-22,800,1.2897,1.4024,1.4285,1.4261,0.0024,0.003,3,1.5,1.4262,,,,,,,,,
11,XSSAC,2019-04-22,800,1.3136,1.4261,1.4532,1.4507,0.0025,0.003125,3.125,1.5625,1.4507,,,,,,,,,
14,XSSAC,2019-04-22,800,1.308,1.4195,1.4455,1.4431,0.0024,0.003,3,1.5,1.4431,,,,,,,,,
21,COS-TRI,2019-04-23,1000,1.3031,1.4153,1.4202,1.4188,0.0014,0.0014,1.4,0.7,1.4187,,,,,,,,,
23,COS-TRI,2019-04-23,1000,1.3079,1.4186,1.4241,1.4226,0.0015,0.0015,1.5,0.75,1.4225,,,,,,,,,
1,COS-TRI,2019-04-23,1000,1.3044,1.416,1.4209,1.4196,0.0013,0.0013,1.3,0.65,1.4197,,,,,,,,,
8,WENDELLS,2019-04-23,1000,1.2947,1.4061,1.4179,1.4165,0.0014,0.0014,1.4,0.7,1.4165,,,,,,,,,
9,WENDELLS,2019-04-23,1000,1.2896,1.4008,1.4132,1.4116,0.0016,0.0016,1.6,0.8,1.4117,,,,,,,,,
12,WENDELLS,2019-04-23,1000,1.3035,1.4152,1.4278,1.4261,0.0017,0.0017,1.7,0.85,1.426,,,,,,,,,
13,MOK-US-RR,2019-04-25,1000,1.3172,1.4293,1.4377,1.4366,0.0011,0.0011,1.1,0.55,1.4366,,,,,,,,,
15,MOK-US-RR,2019-04-25,1000,1.3008,1.4119,1.4207,1.4194,0.0013,0.0013,1.3,0.65,1.4196,,,,,,,,,
16,MOK-US-RR,2019-04-25,1000,1.3055,1.4164,1.4238,1.4225,0.0013,0.0013,1.3,0.65,1.4229,,,,,,,,,
22,COS-BEACH,2019-04-25,1000,1.3141,1.4252,1.4297,1.4279,0.0018,0.0018,1.8,0.9,1.4284,,,,,,,,,
24,COS-BEACH,2019-04-25,1000,1.2953,1.4071,1.411,1.4097,0.0013,0.0013,1.3,0.65,1.4099,,,,,,,,,
25,COS-BEACH,2019-04-25,1000,1.3012,1.4132,1.4177,1.4163,0.0014,0.0014,1.4,0.7,1.4166,,,,,,,,,
19,BABYMARSH,2019-04-26,600,1.3014,1.4127,1.4244,1.4223,0.0021,0.0035,3.5,1.75,1.4266,,,,,,,,,
20,BABYMARSH,2019-04-26,600,1.3117,1.4221,1.434,1.432,0.002,0.003333333,3.333333333,1.666666667,1.4322,,,,,,,,,
30,BABYMARSH,2019-04-26,600,1.3074,1.4186,1.43,1.428,0.002,0.003333333,3.333333333,1.666666667,1.4282,,,,,,,,,
33,XSSAC,2019-05-06,805,1.2857,1.3967,1.4213,1.4193,0.002,0.002484472,2.48447205,1.242236025,,,,,,,,,,
34,XSSAC,2019-05-06,925,1.3088,1.421,1.4424,1.4404,0.002,0.002162162,2.162162162,1.081081081,,,,,,,,,,
35,XSSAC,2019-05-06,775,1.311,1.4227,1.4489,1.4463,0.0026,0.003354839,3.35483871,1.677419355,,,,,,,,,,
2,BABYMARSH,2019-05-07,400,1.2756,1.387,1.3999,1.3982,0.0017,0.00425,4.25,2.125,,,,,,,,,,
3,BABYMARSH,2019-05-07,500,1.2883,1.4001,1.4188,1.4165,0.0023,0.0046,4.6,2.3,,,,,,,,,,
4,BABYMARSH,2019-05-07,475,1.3106,1.4215,1.4397,1.4373,0.0024,0.005052632,5.052631579,2.526315789,,,,,,,,,,
9,COS-TRI,2019-05-08,300,1.2896,1.4015,1.4087,1.4071,0.0016,0.005333333,5.333333333,2.666666667,,,,,,,,,,
10,COS-TRI,2019-05-08,300,1.2895,1.4016,1.4081,1.4065,0.0016,0.005333333,5.333333333,2.666666667,,,,,,,,,,
11,COS-TRI,2019-05-08,300,1.3135,1.425,1.4315,1.4299,0.0016,0.005333333,5.333333333,2.666666667,,,,,,,,,,
17,WENDELLS,2019-05-08,1000,1.2992,1.4112,1.4238,1.4221,0.0017,0.0017,1.7,0.85,,,,,,,,,,
18,WENDELLS,2019-05-08,1000,1.3003,1.4118,1.4229,1.4215,0.0014,0.0014,1.4,0.7,,,,,,,,,,
21,WENDELLS,2019-05-08,1000,1.3029,1.4149,1.4267,1.4252,0.0015,0.0015,1.5,0.75,,,,,,,,,,
29,MOK-US-RR,2019-05-08,1000,1.3036,1.4145,1.4234,1.4219,0.0015,0.0015,1.5,0.75,,,,,,,,,,
31,MOK-US-RR,2019-05-08,1000,1.305,1.416,1.4246,1.4232,0.0014,0.0014,1.4,0.7,,,,,,,,,,
13,MOK-US-RR,2019-05-08,1000,1.3173,1.4287,1.4376,1.4362,0.0014,0.0014,1.4,0.7,,,,,,,,,,
19,COS-BEACH,2019-05-08,700,1.3015,1.4137,1.4221,1.4207,0.0014,0.002,2,1,,,,,,,,,,
20,COS-BEACH,2019-05-08,700,1.3115,1.4244,1.43,1.4286,0.0014,0.002,2,1,,,,,,,,,,
22,COS-BEACH,2019-05-08,700,1.314,1.426,1.4321,1.4307,0.0014,0.002,2,1,,,,,,,,,,
30,XSSAC,2019-05-21,750,1.3075,1.4184,1.4375,1.4356,0.0019,0.002533333,2.533333333,1.266666667,,,,,,,,,,
1,XSSAC,2019-05-21,750,1.3046,1.4169,1.4389,1.4367,0.0022,0.002933333,2.933333333,1.466666667,,,,,,,,,,
2,XSSAC,2019-05-21,750,1.2759,1.3865,1.4046,1.4027,0.0019,0.002533333,2.533333333,1.266666667,,,,,,,,,,
7,COS-TRI,2019-05-22,1000,1.2779,1.3888,1.3959,1.3942,0.0017,0.0017,1.7,0.85,,,,,,,,,,
8,COS-TRI,2019-05-22,1000,1.2949,1.4062,1.4159,1.414,0.0019,0.0019,1.9,0.95,,,,,,,,,,
9,COS-TRI,2019-05-22,1000,1.2898,1.4021,1.414,1.4118,0.0022,0.0022,2.2,1.1,,,,,,,,,,
12,COS-BEACH,2019-05-22,1075,1.3034,1.4156,1.4198,1.4085,0.0113,0.010511628,10.51162791,5.255813953,,,,,,,,,,
13,COS-BEACH,2019-05-22,1080,1.3174,1.429,1.4332,1.4317,0.0015,0.001388889,1.388888889,0.694444444,,,,,,,,,,
14,COS-BEACH,2019-05-22,1150,1.3082,1.42,1.4238,1.4226,0.0012,0.001043478,1.043478261,0.52173913,,,,,,,,,,
17,MOK-US-RR,2019-05-22,1500,1.2992,1.4105,1.4274,1.4252,0.0022,0.001466667,1.466666667,0.733333333,,,,,,,,,,
18,MOK-US-RR,2019-05-22,1500,1.3002,1.4119,1.4273,1.4252,0.0021,0.0014,1.4,0.7,,,,,,,,,,
19,MOK-US-RR,2019-05-22,1500,1.3016,1.4136,1.4261,1.4244,0.0017,0.001133333,1.133333333,0.566666667,,,,,,,,,,
22,BABYMARSH,2019-05-23,500,1.3143,1.4261,1.4413,1.4392,0.0021,0.0042,4.2,2.1,,,,,,,,,,
23,BABYMARSH,2019-05-23,500,1.3079,1.4193,1.433,1.4312,0.0018,0.0036,3.6,1.8,,,,,,,,,,
24,BABYMARSH,2019-05-23,500,1.2957,1.4075,1.421,1.4192,0.0018,0.0036,3.6,1.8,,,,,,,,,,
29,COS-TRI,2019-06-03,1000,1.3037,1.4151,1.4204,1.4193,0.0011,0.0011,1.1,0.55,,,,,,,,,,
31,COS-TRI,2019-06-03,1000,1.3051,1.4169,1.4222,1.421,0.0012,0.0012,1.2,0.6,,,,,,,,,,
32,COS-TRI,2019-06-03,1000,1.2814,1.3921,1.3978,1.3967,0.0011,0.0011,1.1,0.55,,,,,,,,,,
3,WENDELLS,2019-06-03,1000,1.2885,1.3996,1.4104,1.4088,0.0016,0.0016,1.6,0.8,,,,,,,,,,
4,WENDELLS,2019-06-03,1000,1.3106,1.4211,1.4332,1.4319,0.0013,0.0013,1.3,0.65,,,,,,,,,,
7,WENDELLS,2019-06-03,1000,1.2779,1.3886,1.4005,1.3989,0.0016,0.0016,1.6,0.8,,,,,,,,,,
10,COS-BEACH,2019-06-03,600,1.2899,1.401,1.4041,1.4036,0.0005,0.000833333,0.833333333,0.416666667,,,,,,,,,,
11,COS-BEACH,2019-06-03,600,1.3137,1.425,1.4292,1.4279,0.0013,0.002166667,2.166666667,1.083333333,,,,,,,,,,
12,COS-BEACH,2019-06-03,600,1.3034,1.415,1.4176,1.4167,0.0009,0.0015,1.5,0.75,,,,,,,,,,
15,MOK-US-RR,2019-06-03,1500,1.3012,1.4124,1.4271,1.4251,0.002,0.001333333,1.333333333,0.666666667,,,,,,,,,,
16,MOK-US-RR,2019-06-03,1500,1.3058,1.4173,1.4315,1.4293,0.0022,0.001466667,1.466666667,0.733333333,,,,,,,,,,
17,MOK-US-RR,2019-06-03,1500,1.2993,1.4107,1.4247,1.4226,0.0021,0.0014,1.4,0.7,,,,,,,,,,
20,XSSAC,2019-06-04,1000,1.3118,1.4229,1.4501,1.4469,0.0032,0.0032,3.2,1.6,,,,,,,,,,
21,XSSAC,2019-06-04,1000,1.3032,1.4152,1.4448,1.4419,0.0029,0.0029,2.9,1.45,,,,,,,,,,
22,XSSAC,2019-06-04,1000,1.3146,1.4256,1.4544,1.4513,0.0031,0.0031,3.1,1.55,,,,,,,,,,
25,BABYMARSH,2019-06-04,700,1.3015,1.4135,1.4329,1.4299,0.003,0.004285714,4.285714286,2.142857143,,,,,,,,,,
27,BABYMARSH,2019-06-04,700,1.2911,1.4025,1.4218,1.4191,0.0027,0.003857143,3.857142857,1.928571429,,,,,,,,,,
30,BABYMARSH,2019-06-04,700,1.3079,1.4195,1.4363,1.4339,0.0024,0.003428571,3.428571429,1.714285714,,,,,,,,,,
1,COS-TRI,2019-06-13,250,1.305,1.4157,1.4195,1.4179,0.0016,0.0064,6.4,3.2,,,,,,,,,,
2,COS-TRI,2019-06-13,250,1.2763,1.3879,1.3915,1.3898,0.0017,0.0068,6.8,3.4,,,,,,,,,,
3,COS-TRI,2019-06-13,250,1.2886,1.4001,1.4037,1.4021,0.0016,0.0064,6.4,3.2,,,,,,,,,,
8,WENDELLS,2019-06-18,1000,1.2952,1.406,1.4128,1.4116,0.0012,0.0012,1.2,0.6,,,,,,,,,,
9,WENDELLS,2019-06-18,1000,1.2903,1.401,1.4085,1.4074,0.0011,0.0011,1.1,0.55,,,,,,,,,,
10,WENDELLS,2019-06-18,1000,1.2898,1.4024,1.4114,1.41,0.0014,0.0014,1.4,0.7,,,,,,,,,,
13,COS-TRI,2019-06-18,300,1.3177,1.4294,1.4358,1.433,0.0028,0.009333333,9.333333333,4.666666667,,,,,,,,,,
14,COS-TRI,2019-06-18,250,1.3082,1.4204,1.4279,1.4249,0.003,0.012,12,6,,,,,,,,,,
18,COS-TRI,2019-06-18,200,1.3007,1.4122,1.4183,1.4159,0.0024,0.012,12,6,,,,,,,,,,
24,XSSAC,2019-06-18,1000,1.2957,1.4078,1.4281,1.4261,0.002,0.002,2,1,,,,,,,,,,
26,XSSAC,2019-06-18,1000,1.299,1.4088,1.4295,1.4273,0.0022,0.0022,2.2,1.1,,,,,,,,,,
29,XSSAC,2019-06-18,1000,1.3037,1.4145,1.4349,1.4326,0.0023,0.0023,2.3,1.15,,,,,,,,,,
15,COS-BEACH,2019-06-19,1000,1.3011,1.4121,1.4211,1.4196,0.0015,0.0015,1.5,0.75,,,,,,,,,,
16,COS-BEACH,2019-06-19,1000,1.3056,1.4158,1.4257,1.424,0.0017,0.0017,1.7,0.85,,,,,,,,,,
20,COS-BEACH,2019-06-19,1000,1.3117,1.4229,1.4312,1.4296,0.0016,0.0016,1.6,0.8,,,,,,,,,,
25,MOK-US-RR,2019-06-19,1500,1.3016,1.4128,1.4344,1.432,0.0024,0.0016,1.6,0.8,,,,,,,,,,
27,MOK-US-RR,2019-06-19,1500,1.2908,1.4018,1.426,1.4235,0.0025,0.001666667,1.666666667,0.833333333,,,,,,,,,,
30,MOK-US-RR,2019-06-19,1500,1.3078,1.4184,1.4408,1.4384,0.0024,0.0016,1.6,0.8,,,,,,,,,,
33,BABYMARSH,2019-06-20,610,1.2858,1.3972,1.4129,1.411,0.0019,0.003114754,3.114754098,1.557377049,,,,,,,,,,
34,BABYMARSH,2019-06-20,640,1.3092,1.4211,1.4389,1.4366,0.0023,0.00359375,3.59375,1.796875,,,,,,,,,,
35,BABYMARSH,2019-06-20,650,1.3113,1.4225,1.4396,1.4374,0.0022,0.003384615,3.384615385,1.692307692,,,,,,,,,,
8,BABYMARSH,2019-07-25,725,1.2951,1.4055,1.4183,1.4168,0.0015,0.002068966,2.068965517,1.034482759,,,,,,,,,,
9,BABYMARSH,2019-07-25,775,1.2903,1.4007,1.4144,1.4127,0.0017,0.002193548,2.193548387,1.096774194,,,,,,,,,,
10,BABYMARSH,2019-07-25,610,1.2899,1.4004,1.4118,1.4103,0.0015,0.002459016,2.459016393,1.229508197,,,,,,,,,,
15,MOK-US-RR,2019-07-25,1500,1.3011,1.4123,1.4213,1.4199,0.0014,0.000933333,0.933333333,0.466666667,,,,,,,,,,
16,MOK-US-RR,2019-07-25,1500,1.3057,1.4162,1.4253,1.4238,0.0015,0.001,1,0.5,,,,,,,,,,
17,MOK-US-RR,2019-07-25,1500,1.2995,1.4102,1.4199,1.4183,0.0016,0.001066667,1.066666667,0.533333333,,,,,,,,,,
21,COS-BEACH,2019-07-25,500,1.3033,1.415,1.4261,1.4241,0.002,0.004,4,2,,,,,,,,,,
22,COS-BEACH,2019-07-25,500,1.3147,1.4259,1.4364,1.4345,0.0019,0.0038,3.8,1.9,,,,,,,,,,
24,COS-BEACH,2019-07-25,500,1.2958,1.4058,1.4152,1.4136,0.0016,0.0032,3.2,1.6,,,,,,,,,,
27,XSSAC,2019-07-25,1300,1.2913,1.4028,1.4268,1.4245,0.0023,0.001769231,1.769230769,0.884615385,,,,,,,,,,
30,XSSAC,2019-07-25,1300,1.308,1.4199,1.4414,1.4392,0.0022,0.001692308,1.692307692,0.846153846,,,,,,,,,,
31,XSSAC,2019-07-25,1250,1.306,1.4163,1.4392,1.4368,0.0024,0.00192,1.92,0.96,,,,,,,,,,
34,BABYMARSH,2019-08-20,500,1.3091,1.4198,1.4302,1.4287,0.0015,0.003,3,1.5,,,,,,,,,,
35,BABYMARSH,2019-08-20,500,1.3115,1.4216,1.4334,1.4316,0.0018,0.0036,3.6,1.8,,,,,,,,,,
1,BABYMARSH,2019-08-20,500,1.3048,1.4165,1.4274,1.4257,0.0017,0.0034,3.4,1.7,,,,,,,,,,
4,COS-BEACH,2019-08-20,500,1.3108,1.4226,1.4332,1.4316,0.0016,0.0032,3.2,1.6,,,,,,,,,,
7,COS-BEACH,2019-08-20,500,1.278,1.3894,1.4008,1.3988,0.002,0.004,4,2,,,,,,,,,,
8,COS-BEACH,2019-08-20,500,1.2953,1.4058,1.4171,1.4152,0.0019,0.0038,3.8,1.9,,,,,,,,,,
10,MOK-US-RR,2019-08-20,1300,1.2903,1.4022,1.4085,1.4074,0.0011,0.000846154,0.846153846,0.423076923,,,,,,,,,,
12,MOK-US-RR,2019-08-20,1300,1.3036,1.4147,1.4211,1.4199,0.0012,0.000923077,0.923076923,0.461538462,,,,,,,,,,
15,MOK-US-RR,2019-08-20,1600,1.3013,1.4132,1.4206,1.4193,0.0013,0.0008125,0.8125,0.40625,,,,,,,,,,
19,XSSAC,2019-08-20,1000,1.302,1.4137,1.4301,1.4277,0.0024,0.0024,2.4,1.2,,,,,,,,,,
21,XSSAC,2019-08-20,1000,1.3033,1.4149,1.4305,1.4287,0.0018,0.0018,1.8,0.9,,,,,,,,,,
22,XSSAC,2019-08-20,1300,1.3147,1.426,1.4444,1.4423,0.0021,0.001615385,1.615384615,0.807692308,,,,,,,,,,
7,COS-BEACH,2019-09-10,500,1.2778,1.3886,1.4008,1.3983,0.0025,0.005,5,2.5,,,,,,,,,,
8,COS-BEACH,2019-09-10,500,1.2951,1.4057,1.4182,1.4155,0.0027,0.0054,5.4,2.7,,,,,,,,,,
10,COS-BEACH,2019-09-10,500,1.2901,1.4012,1.4133,1.4106,0.0027,0.0054,5.4,2.7,,,,,,,,,,
34,MOK-US-RR,2019-09-10,1500,1.3092,1.42,1.4249,1.4237,0.0012,0.0008,0.8,0.4,,,,,,,,,,
35,MOK-US-RR,2019-09-10,1500,1.3108,1.423,1.4294,1.4279,0.0015,0.001,1,0.5,,,,,,,,,,
1,MOK-US-RR,2019-09-10,1500,1.305,1.4146,1.4198,1.4184,0.0014,0.000933333,0.933333333,0.466666667,,,,,,,,,,
11,BABYMARSH,2019-09-10,1000,1.314,1.4265,1.4451,1.4421,0.003,0.003,3,1.5,,,,,,,,,,
14,BABYMARSH,2019-09-10,1000,1.3082,1.4191,1.4391,1.4356,0.0035,0.0035,3.5,1.75,,,,,,,,,,
16,BABYMARSH,2019-09-10,1000,1.3058,1.4166,1.4368,1.4335,0.0033,0.0033,3.3,1.65,,,,,,,,,,
23,XSSAC,2019-09-10,1500,1.3081,1.4179,1.4402,1.4375,0.0027,0.0018,1.8,0.9,,,,,,,,,,
24,XSSAC,2019-09-10,1500,1.3019,1.4143,1.4355,1.4326,0.0029,0.001933333,1.933333333,0.966666667,,,,,,,,,,
25,XSSAC,2019-09-10,1500,1.3019,1.4143,1.4355,1.4315,0.004,0.002666667,2.666666667,1.333333333,,,,,,,,,,
40,BABYMARSH,2019-10-15,1000,1.2992,1.4097,1.4189,1.4173,0.0016,0.0016,1.6,0.8,,,,,,,,,,
41,BABYMARSH,2019-10-15,1000,1.2988,1.4091,1.4183,1.4167,0.0016,0.0016,1.6,0.8,,,,,,,,,,
42,BABYMARSH,2019-10-15,1000,1.2879,1.3978,1.4076,1.4062,0.0014,0.0014,1.4,0.7,,,,,,,,,,
45,MOK-US-RR,2019-10-15,1000,1.2944,1.4048,1.4085,1.4077,0.0008,0.0008,0.8,0.4,,,,,,,,,,
46,MOK-US-RR,2019-10-15,1000,1.2967,1.4068,1.4104,1.4098,0.0006,0.0006,0.6,0.3,,,,,,,,,,
47,MOK-US-RR,2019-10-15,1000,1.2919,1.4027,1.4068,1.406,0.0008,0.0008,0.8,0.4,,,,,,,,,,
50,COS-BEACH,2019-10-15,550,1.297,1.4068,1.4151,1.4133,0.0018,0.003272727,3.272727273,1.636363636,,,,,,,,,,
51,COS-BEACH,2019-10-15,500,1.3823,1.3823,1.3913,1.3896,0.0017,0.0034,3.4,1.7,,,,,,,,,,
52,COS-BEACH,2019-10-15,500,1.2948,1.406,1.4161,1.4142,0.0019,0.0038,3.8,1.9,,,,,,,,,,
55,XSSAC,2019-10-15,1000,1.3005,1.4114,1.4288,1.4267,0.0021,0.0021,2.1,1.05,,,,,,,,,,
56,XSSAC,2019-10-15,1000,1.2824,1.3925,1.4094,1.4066,0.0028,0.0028,2.8,1.4,,,,,,,,,,
57,XSSAC,2019-10-15,1000,1.3052,1.4157,1.436,1.4337,0.0023,0.0023,2.3,1.15,,,,,,,,,,
43,BABYMARSH,2019-11-19,1000,1.2964,1.4077,1.417,1.4156,0.0014,0.0014,1.4,0.7,,,,,,,,,,
44,BABYMARSH,2019-11-19,1000,1.294,1.4051,1.4144,1.4131,0.0013,0.0013,1.3,0.65,,,,,,,,,,
45,BABYMARSH,2019-11-19,1000,1.2944,1.4061,1.4151,1.4138,0.0013,0.0013,1.3,0.65,,,,,,,,,,
48,MOK-US-RR,2019-11-19,1500,1.2981,1.4091,1.413,1.4123,0.0007,0.000466667,0.466666667,0.233333333,,,,,,,,,,
49,MOK-US-RR,2019-11-19,1500,1.2956,1.4069,1.4114,1.4107,0.0007,0.000466667,0.466666667,0.233333333,,,,,,,,,,
50,MOK-US-RR,2019-11-19,1500,1.2972,1.4085,1.4125,1.4116,0.0009,0.0006,0.6,0.3,,,,,,,,,,
53,COS-BEACH,2019-11-19,1000,1.2958,1.4072,1.4175,1.4159,0.0016,0.0016,1.6,0.8,,,,,,,,,,
54,COS-BEACH,2019-11-19,1000,1.2842,1.3949,1.4053,1.4039,0.0014,0.0014,1.4,0.7,,,,,,,,,,
55,COS-BEACH,2019-11-19,1000,1.3008,1.4122,1.4217,1.4204,0.0013,0.0013,1.3,0.65,,,,,,,,,,
58,XSSAC,2019-11-19,1000,1.3032,1.4145,1.425,1.4233,0.0017,0.0017,1.7,0.85,,,,,,,,,,
59,XSSAC,2019-11-19,1000,1.2995,1.4107,1.4211,1.4198,0.0013,0.0013,1.3,0.65,,,,,,,,,,
1,XSSAC,2019-11-19,1000,1.3047,1.4159,1.4274,1.4262,0.0012,0.0012,1.2,0.6,,,,,,,,,,
40,WENDELLS,2019-12-09,325,1.2988,1.4107,1.4299,1.4274,0.0025,0.007692308,7.692307692,3.846153846,,,,,,,,,,
41,WENDELLS,2019-12-09,325,1.2985,1.4105,1.4272,1.4249,0.0023,0.007076923,7.076923077,3.538461538,,,,,,,,,,
42,WENDELLS,2019-12-09,325,1.2878,1.3998,1.4189,1.4161,0.0028,0.008615385,8.615384615,4.307692308,,,,,,,,,,
46,BABYMARSH,2019-12-10,825,1.2965,1.4086,1.4207,1.4189,0.0018,0.002181818,2.181818182,1.090909091,,,,,,,,,,
47,BABYMARSH,2019-12-10,775,1.2922,1.4031,1.4146,1.413,0.0016,0.002064516,2.064516129,1.032258065,,,,,,,,,,
48,BABYMARSH,2019-12-10,800,1.2982,1.4105,1.4219,1.4203,0.0016,0.002,2,1,,,,,,,,,,
51,MOK-US-RR,2019-12-10,1500,1.2727,1.3838,1.3879,1.3869,0.001,0.000666667,0.666666667,0.333333333,,,,,,,,,,
52,MOK-US-RR,2019-12-10,1500,1.2952,1.4072,1.411,1.4101,0.0009,0.0006,0.6,0.3,,,,,,,,,,
53,MOK-US-RR,2019-12-10,1500,1.2959,1.4074,1.4119,1.4109,0.001,0.000666667,0.666666667,0.333333333,,,,,,,,,,
56,COS-BEACH,2019-12-10,500,1.2829,1.394,1.4043,1.4022,0.0021,0.0042,4.2,2.1,,,,,,,,,,
57,COS-BEACH,2019-12-10,500,1.3055,1.4174,1.427,1.4249,0.0021,0.0042,4.2,2.1,,,,,,,,,,
58,COS-BEACH,2019-12-10,500,1.3035,1.4151,1.4248,1.4225,0.0023,0.0046,4.6,2.3,,,,,,,,,,
2,XSSAC,2019-12-10,450,1.2764,1.3882,1.4127,1.4099,0.0028,0.006222222,6.222222222,3.111111111,,,,,,,,,,
3,XSSAC,2019-12-10,450,1.2888,1.4002,1.4227,1.4197,0.003,0.006666667,6.666666667,3.333333333,,,,,,,,,,
4,XSSAC,2019-12-10,450,1.3107,1.4211,1.4472,1.4445,0.0027,0.006,6,3,,,,,,,,,,
57,XSSAC,2020-01-08,1000,1.3055,1.4165,1.4301,1.4289,0.0012,0.0012,1.2,0.6,,,,,,,,,,
58,XSSAC,2020-01-08,1000,1.3034,1.4164,1.4314,1.4294,0.002,0.002,2,1,,,,,,,,,,
59,XSSAC,2020-01-08,1000,1.2995,1.4113,1.4251,1.4234,0.0017,0.0017,1.7,0.85,,,,,,,,,,
3,BABYMARSH,2020-01-09,1200,1.2887,1.4005,1.4066,1.4055,0.0011,0.000916667,0.916666667,0.458333333,,,,,,,,,,
4,BABYMARSH,2020-01-09,1200,1.3106,1.4222,1.4304,1.4291,0.0013,0.001083333,1.083333333,0.541666667,,,,,,,,,,
7,BABYMARSH,2020-01-09,1000,1.2776,1.3904,1.3962,1.395,0.0012,0.0012,1.2,0.6,,,,,,,,,,
10,COS-BEACH,2020-01-09,1300,1.29101,1.4019,1.4098,1.4081,0.0017,0.001307692,1.307692308,0.653846154,,,,,,,,,,
11,COS-BEACH,2020-01-09,1500,1.3138,1.4269,1.4359,1.4342,0.0017,0.001133333,1.133333333,0.566666667,,,,,,,,,,
12,COS-BEACH,2020-01-09,1000,1.3026,1.4139,1.4216,1.42,0.0016,0.0016,1.6,0.8,,,,,,,,,,
42,MOK-US-RR,2020-01-09,1500,1.2883,1.4005,1.4025,1.4019,0.0006,0.0004,0.4,0.2,,,,,,,,,,
43,MOK-US-RR,2020-01-09,1500,1.2966,1.409,1.4116,1.4108,0.0008,0.000533333,0.533333333,0.266666667,,,,,,,,,,
44,MOK-US-RR,2020-01-09,1500,1.2941,1.4068,1.4089,1.4082,0.0007,0.000466667,0.466666667,0.233333333,,,,,,,,,,
47,KNAGGS,2020-01-08,500,1.2926,1.4046,1.415,1.4134,0.0016,0.0032,3.2,1.6,,,,,,,,,,
48,KNAGGS,2020-01-08,470,1.2982,1.41,1.4196,1.4182,0.0014,0.002978723,2.978723404,1.489361702,,,,,,,,,,
49,KNAGGS,2020-01-08,500,1.2959,1.4071,1.4171,1.4157,0.0014,0.0028,2.8,1.4,,,,,,,,,,
2,BABYMARSH,2020-02-11,1250,1.2768,1.3901,1.401,1.3992,0.0018,0.00144,1.44,0.72,,,,,,,,,,
3,BABYMARSH,2020-02-11,1150,1.2886,1.4003,1.4103,1.4086,0.0017,0.001478261,1.47826087,0.739130435,,,,,,,,,,
4,BABYMARSH,2020-02-11,1000,1.3106,1.4237,1.4326,1.4313,0.0013,0.0013,1.3,0.65,,,,,,,,,,
11,MOK-US-RR,2020-02-10,1500,1.3139,1.4268,1.4322,1.4311,0.0011,0.000733333,0.733333333,0.366666667,,,,,,,,,,
12,MOK-US-RR,2020-02-10,1500,1.4146,1.4146,1.4191,1.4183,0.0008,0.000533333,0.533333333,0.266666667,,,,,,,,,,
15,MOK-US-RR,2020-02-10,1500,1.4143,1.4143,1.4193,1.4181,0.0012,0.0008,0.8,0.4,,,,,,,,,,
21,COS-BEACH,2020-02-10,750,1.3026,1.415,1.4243,1.4212,0.0031,0.004133333,4.133333333,2.066666667,,,,,,,,,,
23,COS-BEACH,2020-02-10,650,1.3076,1.4205,1.429,1.426,0.003,0.004615385,4.615384615,2.307692308,,,,,,,,,,
25,COS-BEACH,2020-02-10,500,1.3021,1.4163,1.4238,1.4213,0.0025,0.005,5,2.5,,,,,,,,,,
43,XSSAC,2020-02-12,850,1.2965,1.4095,1.4269,1.4236,0.0033,0.003882353,3.882352941,1.941176471,,,,,,,,,,
44,XSSAC,2020-02-12,850,1.2941,1.4062,1.424,1.4206,0.0034,0.004,4,2,,,,,,,,,,
8,XSSAC,2020-02-12,850,1.2931,1.4059,1.4238,1.4207,0.0031,0.003647059,3.647058824,1.823529412,,,,,,,,,,
20,KNAGGS,2020-02-10,200,1.3103,1.4233,1.4789,1.4729,0.006,0.03,30,15,,,,,,,,,,
22,KNAGGS,2020-02-10,200,1.3142,1.426,1.4938,1.4871,0.0067,0.0335,33.5,16.75,,,,,,,,,,
24,KNAGGS,2020-02-10,200,1.2958,1.4085,1.4665,1.4606,0.0059,0.0295,29.5,14.75,,,,,,,,,,
2,MOK-US-RR,2020-02-18,1400,1.2766,1.3895,1.3938,1.3928,0.001,0.000714286,0.714285714,0.357142857,,,,,,,,,,
3,MOK-US-RR,2020-02-18,1400,1.2888,1.4015,1.4051,1.4043,0.0008,0.000571429,0.571428571,0.285714286,,,,,,,,,,
4,MOK-US-RR,2020-02-18,1400,1.3016,1.4237,1.4271,1.4262,0.0009,0.000642857,0.642857143,0.321428571,,,,,,,,,,
10,BABYMARSH,2020-02-18,1000,1.2902,1.4026,1.4118,1.4103,0.0015,0.0015,1.5,0.75,,,,,,,,,,
11,BABYMARSH,2020-02-18,1200,1.3139,1.4261,1.4373,1.4357,0.0016,0.001333333,1.333333333,0.666666667,,,,,,,,,,
12,BABYMARSH,2020-02-18,1200,1.3026,1.4146,1.423,1.4213,0.0017,0.001416667,1.416666667,0.708333333,,,,,,,,,,
16,COS-BEACH,2020-02-18,1000,1.3055,1.4186,1.4275,1.4261,0.0014,0.0014,1.4,0.7,,,,,,,,,,
17,COS-BEACH,2020-02-18,1000,1.2967,1.4101,1.4199,1.4177,0.0022,0.0022,2.2,1.1,,,,,,,,,,
21,COS-BEACH,2020-02-18,750,1.3025,1.4143,1.4232,1.4216,0.0016,0.002133333,2.133333333,1.066666667,,,,,,,,,,
26,XSSAC,2020-02-20,1000,1.298,1.4099,1.4279,1.4261,0.0018,0.0018,1.8,0.9,,,,,,,,,,
27,XSSAC,2020-02-20,1000,1.2912,1.4046,1.4196,1.4179,0.0017,0.0017,1.7,0.85,,,,,,,,,,
29,XSSAC,2020-02-20,800,1.3031,1.4157,1.4302,1.4286,0.0016,0.002,2,1,,,,,,,,,,
15,BABYMARSH,2020-02-25,925,1.3013,1.4128,1.4199,1.4187,0.0012,0.001297297,1.297297297,0.648648649,,,,,,,,,,
23,BABYMARSH,2020-02-25,925,1.3078,1.4201,1.4287,1.4273,0.0014,0.001513514,1.513513514,0.756756757,,,,,,,,,,
25,BABYMARSH,2020-02-25,925,1.3023,1.4136,1.4212,1.4204,0.0008,0.000864865,0.864864865,0.432432432,,,,,,,,,,
33,XSSAC,2020-02-25,1000,1.2862,1.3984,1.4148,1.4136,0.0012,0.0012,1.2,0.6,,,,,,,,,,
34,XSSAC,2020-02-25,850,1.31,1.4224,1.4366,1.4349,0.0017,0.002,2,1,,,,,,,,,,
41,XSSAC,2020-02-25,800,1.2994,1.4109,1.4259,1.4247,0.0012,0.0015,1.5,0.75,,,,,,,,,,
50,KNAGGS,2020-02-24,350,1.2977,1.4084,1.431,1.4284,0.0026,0.007428571,7.428571429,3.714285714,,,,,,,,,,
52,KNAGGS,2020-02-24,350,1.2951,1.4077,1.4274,1.4252,0.0022,0.006285714,6.285714286,3.142857143,,,,,,,,,,
53,KNAGGS,2020-02-24,350,1.2961,1.4077,1.4307,1.4285,0.0022,0.006285714,6.285714286,3.142857143,,,,,,,,,,
3,KNAGGS,2020-02-20,500,1.2886,1.4022,1.4333,1.4258,0.0075,0.015,15,7.5,,,,,,,,,,
4,KNAGGS,2020-02-20,500,1.3106,1.4233,1.4548,1.4478,0.007,0.014,14,7,,,,,,,,,,
8,KNAGGS,2020-02-20,450,1.2931,1.4067,1.4337,1.4275,0.0062,0.013777778,13.77777778,6.888888889,,,,,,,,,,
66,MOK-US-RR,2020-02-25,1500,1.2801,1.3913,1.396,1.395,0.001,0.000666667,0.666666667,0.333333333,,,,,,,,,,
67,MOK-US-RR,2020-02-25,1500,1.3052,1.4172,1.4217,1.4207,0.001,0.000666667,0.666666667,0.333333333,,,,,,,,,,
68,MOK-US-RR,2020-02-25,1500,1.2772,1.3904,1.3953,1.3943,0.001,0.000666667,0.666666667,0.333333333,,,,,,,,,,
69,COS-BEACH,2020-02-25,500,1.295,1.4072,1.4183,1.4166,0.0017,0.0034,3.4,1.7,,,,,,,,,,
72,COS-BEACH,2020-02-25,500,1.299,1.4104,1.422,1.4201,0.0019,0.0038,3.8,1.9,,,,,,,,,,
73,COS-BEACH,2020-02-25,500,1.2949,1.4062,1.4187,1.4164,0.0023,0.0046,4.6,2.3,,,,,,,,,,
2,KNAGGS,2020-03-02,150,1.2769,1.3897,1.4451,1.4393,0.0058,0.038666667,38.66666667,19.33333333,,,,,,,,,,
10,KNAGGS,2020-03-02,150,1.2901,1.4021,1.4674,1.4606,0.0068,0.045333333,45.33333333,22.66666667,,,,,,,,,,
11,KNAGGS,2020-03-02,150,1.314,1.4259,1.4606,1.4566,0.004,0.026666667,26.66666667,13.33333333,,,,,,,,,,
29,MOK-US-RR,2020-03-03,1500,1.3035,1.4176,1.421,1.4199,0.0011,0.000733333,0.733333333,0.366666667,,,,,,,,,,
30,MOK-US-RR,2020-03-03,1500,1.3085,1.4198,1.4237,1.4229,0.0008,0.000533333,0.533333333,0.266666667,,,,,,,,,,
31,MOK-US-RR,2020-03-03,1500,1.3058,1.4185,1.4213,1.4207,0.0006,0.0004,0.4,0.2,,,,,,,,,,
46,XSSAC,2020-03-03,1500,1.2969,1.4099,1.425,1.4229,0.0021,0.0014,1.4,0.7,,,,,,,,,,
47,XSSAC,2020-03-03,1500,1.2928,1.4056,1.4233,1.4206,0.0027,0.0018,1.8,0.9,,,,,,,,,,
48,XSSAC,2020-03-03,1000,1.2989,1.4122,1.43,1.428,0.002,0.002,2,1,,,,,,,,,,
54,COS-BEACH,2020-03-03,600,1.2872,1.3994,1.4087,1.4067,0.002,0.003333333,3.333333333,1.666666667,,,,,,,,,,
55,COS-BEACH,2020-03-03,600,1.3012,1.4132,1.4204,1.419,0.0014,0.002333333,2.333333333,1.166666667,,,,,,,,,,
56,COS-BEACH,2020-03-03,600,1.2832,1.3943,1.402,1.4004,0.0016,0.002666667,2.666666667,1.333333333,,,,,,,,,,
4,BABYMARSH,2020-03-03,800,1.3108,1.423,1.4323,1.4304,0.0019,0.002375,2.375,1.1875,,,,,,,,,,
8,BABYMARSH,2020-03-03,800,1.2934,1.4058,1.4132,1.4116,0.0016,0.002,2,1,,,,,,,,,,
12,BABYMARSH,2020-03-03,800,1.3029,1.4153,1.4256,1.4238,0.0018,0.00225,2.25,1.125,,,,,,,,,,
27,MOK-US-RR,2020-03-09,1500,1.2914,1.4051,1.4149,1.4133,0.0016,0.001066667,1.066666667,0.533333333,,,,,,,,,,
43,MOK-US-RR,2020-03-09,1500,1.297,1.4097,1.4157,1.4148,0.0009,0.0006,0.6,0.3,,,,,,,,,,
58,MOK-US-RR,2020-03-09,1500,1.3061,1.4174,1.4244,1.4231,0.0013,0.000866667,0.866666667,0.433333333,,,,,,,,,,
62,XSSAC,2020-03-09,750,1.281,1.3925,1.4054,1.4039,0.0015,0.002,2,1,,,,,,,,,,
63,XSSAC,2020-03-09,750,1.2983,1.4029,1.4182,1.4139,0.0043,0.005733333,5.733333333,2.866666667,,,,,,,,,,
64,XSSAC,2020-03-09,750,1.2765,1.3894,1.4043,1.4024,0.0019,0.002533333,2.533333333,1.266666667,,,,,,,,,,
67,COS-BEACH,2020-03-09,400,1.3047,1.4176,1.4305,1.4285,0.002,0.005,5,2.5,,,,,,,,,,
68,COS-BEACH,2020-03-09,400,1.2777,1.3902,1.4062,1.4038,0.0024,0.006,6,3,,,,,,,,,,
69,COS-BEACH,2020-03-09,400,1.2944,1.407,1.4233,1.4208,0.0025,0.00625,6.25,3.125,,,,,,,,,,
3,BABYMARSH,2020-03-09,650,1.2889,1.4006,1.4074,1.406,0.0014,0.002153846,2.153846154,1.076923077,,,,,,,,,,
15,BABYMARSH,2020-03-09,600,1.3014,1.4127,1.4185,1.4171,0.0014,0.002333333,2.333333333,1.166666667,,,,,,,,,,
16,BABYMARSH,2020-03-09,500,1.3057,1.418,1.4261,1.4249,0.0012,0.0024,2.4,1.2,,,,,,,,,,
23,KNAGGS,2020-03-10,250,1.3079,1.4192,1.4447,1.442,0.0027,0.0108,10.8,5.4,,,,,,,,,,
25,KNAGGS,2020-03-10,250,1.3024,1.4142,1.4302,1.4282,0.002,0.008,8,4,,,,,,,,,,
33,KNAGGS,2020-03-10,250,1.2861,1.3986,1.4179,1.4157,0.0022,0.0088,8.8,4.4,,,,,,,,,,
49,MOK-US-RR,2020-03-16,1500,1.2934,1.4051,1.4095,1.4088,0.0007,0.000466667,0.466666667,0.233333333,,,,,,,,,,
2,MOK-US-RR,2020-03-16,1500,1.2768,1.3893,1.3945,1.3939,0.0006,0.0004,0.4,0.2,,,,,,,,,,
4,MOK-US-RR,2020-03-16,1500,1.3111,1.4221,1.4278,1.427,0.0008,0.000533333,0.533333333,0.266666667,,,,,,,,,,
11,KNAGGS,2020-03-17,500,1.3141,1.4262,1.4346,1.4325,0.0021,0.0042,4.2,2.1,,,,,,,,,,
12,KNAGGS,2020-03-17,500,1.3031,1.4145,1.4239,1.4211,0.0028,0.0056,5.6,2.8,,,,,,,,,,
17,KNAGGS,2020-03-17,500,1.2976,1.4077,1.4166,1.4144,0.0022,0.0044,4.4,2.2,,,,,,,,,,
30,COS-BEACH,2020-03-16,700,1.3085,1.4189,1.4276,1.4266,0.001,0.001428571,1.428571429,0.714285714,,,,,,,,,,
31,COS-BEACH,2020-03-16,700,1.3059,1.4177,1.4271,1.4256,0.0015,0.002142857,2.142857143,1.071428571,,,,,,,,,,
34,COS-BEACH,2020-03-16,700,1.31,1.4211,1.4301,1.4288,0.0013,0.001857143,1.857142857,0.928571429,,,,,,,,,,
51,XSSAC,2020-03-16,800,1.2741,1.385,1.3993,1.3978,0.0015,0.001875,1.875,0.9375,,,,,,,,,,
52,XSSAC,2020-03-16,800,1.3032,1.4065,1.4199,1.4187,0.0012,0.0015,1.5,0.75,,,,,,,,,,
53,XSSAC,2020-03-16,800,1.2961,1.4069,1.4238,1.4218,0.002,0.0025,2.5,1.25,,,,,,,,,,
56,BABYMARSH,2020-03-16,900,1.2831,1.395,1.4044,1.4029,0.0015,0.001666667,1.666666667,0.833333333,,,,,,,,,,
57,BABYMARSH,2020-03-16,900,1.3066,1.418,1.4281,1.4267,0.0014,0.001555556,1.555555556,0.777777778,,,,,,,,,,
59,BABYMARSH,2020-03-16,900,1.3005,1.4125,1.4226,1.4213,0.0013,0.001444444,1.444444444,0.722222222,,,,,,,,,,
10,KNAGGS,2020-03-23,290,1.2904,1.4033,1.4112,1.4074,0.0038,0.013103448,13.10344828,6.551724138,,,,,,,,,,
15,KNAGGS,2020-03-23,200,1.3014,1.4124,1.4203,1.417,0.0033,0.0165,16.5,8.25,,,,,,,,,,
16,KNAGGS,2020-03-23,200,1.3058,1.4188,1.4269,1.4228,0.0041,0.0205,20.5,10.25,,,,,,,,,,
25,COS-BEACH,2020-03-23,450,1.3024,1.4144,1.4257,1.4236,0.0021,0.004666667,4.666666667,2.333333333,,,,,,,,,,
27,COS-BEACH,2020-03-22,400,1.2913,1.4032,1.4139,1.4118,0.0021,0.00525,5.25,2.625,,,,,,,,,,
29,COS-BEACH,2020-03-22,400,1.3033,1.415,1.4301,1.4277,0.0024,0.006,6,3,,,,,,,,,,
43,BABYMARSH,2020-03-22,650,1.2972,1.4081,1.4186,1.4172,0.0014,0.002153846,2.153846154,1.076923077,,,,,,,,,,
46,BABYMARSH,2020-03-23,700,1.2967,1.4092,1.421,1.4192,0.0018,0.002571429,2.571428571,1.285714286,,,,,,,,,,
47,BABYMARSH,2020-03-23,700,1.2925,1.4037,1.4159,1.4142,0.0017,0.002428571,2.428571429,1.214285714,,,,,,,,,,
54,XSSAC,2020-03-23,900,1.286,1.3972,1.414,1.4118,0.0022,0.002444444,2.444444444,1.222222222,,,,,,,,,,
55,XSSAC,2020-03-23,900,1.3011,1.4119,1.4289,1.4267,0.0022,0.002444444,2.444444444,1.222222222,,,,,,,,,,
58,XSSAC,2020-03-23,1000,1.3051,1.4171,1.4356,1.4332,0.0024,0.0024,2.4,1.2,,,,,,,,,,
62,MOK-US-RR,2020-03-22,1500,1.2808,1.3916,1.3958,1.3948,0.001,0.000666667,0.666666667,0.333333333,,,,,,,,,,
63,MOK-US-RR,2020-03-22,1500,1.2911,1.4026,1.4061,1.4053,0.0008,0.000533333,0.533333333,0.266666667,,,,,,,,,,
64,MOK-US-RR,2020-03-22,1500,1.2766,1.3895,1.3924,1.3917,0.0007,0.000466667,0.466666667,0.233333333,,,,,,,,,,
4,MOK-US-RR,2020-05-08,1500,1.3109,1.4233,1.4331,1.4317,0.0014,0.000933333,0.933333333,0.466666667,,,,,,,,,,
11,MOK-US-RR,2020-05-08,1500,1.314,1.4251,1.4382,1.4362,0.002,0.001333333,1.333333333,0.666666667,,,,,,,,,,
12,MOK-US-RR,2020-05-08,1500,1.3029,1.4151,1.4255,1.4238,0.0017,0.001133333,1.133333333,0.566666667,,,,,,,,,,
30,XSSAC,2020-05-08,700,1.3086,1.4203,1.4374,1.4353,0.0021,0.003,3,1.5,,,,,,,,,,
31,XSSAC,2020-05-08,850,1.3061,1.4173,1.4377,1.4356,0.0021,0.002470588,2.470588235,1.235294118,,,,,,,,,,
33,XSSAC,2020-05-08,850,1.2859,1.3964,1.4157,1.4135,0.0022,0.002588235,2.588235294,1.294117647,,,,,,,,,,
48,COS-BEACH,2020-05-08,430,1.2993,1.4111,1.4218,1.4197,0.0021,0.004883721,4.88372093,2.441860465,,,,,,,,,,
49,COS-BEACH,2020-05-08,500,1.2934,1.4052,1.4141,1.4124,0.0017,0.0034,3.4,1.7,,,,,,,,,,
51,COS-BEACH,2020-05-08,470,1.2736,1.3845,1.3974,1.3954,0.002,0.004255319,4.255319149,2.127659574,,,,,,,,,,
56,BABYMARSH,2020-05-08,500,1.2832,1.3942,1.4053,1.4048,0.0005,0.001,1,0.5,,,,,,,,,,
57,BABYMARSH,2020-05-08,500,1.3066,1.4184,1.4267,1.4257,0.001,0.002,2,1,,,,,,,,,,
59,BABYMARSH,2020-05-08,500,1.2988,1.4117,1.4251,1.4238,0.0013,0.0026,2.6,1.3,,,,,,,,,,
12,COS-BEACH,2020-06-09,825,1.3039,1.4144,1.4207,1.4195,0.0012,0.001454545,1.454545455,0.727272727,,,,,,,,,,
15,COS-BEACH,2020-06-09,720,1.3017,1.4138,1.422,1.4205,0.0015,0.002083333,2.083333333,1.041666667,,,,,,,,,,
16,COS-BEACH,2020-06-09,800,1.3059,1.4169,1.4256,1.4239,0.0017,0.002125,2.125,1.0625,,,,,,,,,,
23,MOK-US-RR,2020-06-09,1310,1.3081,1.4202,1.4307,1.4289,0.0018,0.001374046,1.374045802,0.687022901,,,,,,,,,,
25,MOK-US-RR,2020-06-09,1135,1.3026,1.4143,1.4228,1.4212,0.0016,0.001409692,1.40969163,0.704845815,,,,,,,,,,
27,MOK-US-RR,2020-06-09,1155,1.2914,1.4041,1.4135,1.4122,0.0013,0.001125541,1.125541126,0.562770563,,,,,,,,,,
31,BABYMARSH,2020-06-09,800,1.3062,1.4186,1.4285,1,0.0019,0.002375,2.375,1.1875,,,,,,,,,,
33,BABYMARSH,2020-06-09,800,1.2862,1.3975,1.4069,1.4054,0.0015,0.001875,1.875,0.9375,,,,,,,,,,
34,BABYMARSH,2020-06-09,850,1.31,1.4222,1.4311,1.4299,0.0012,0.001411765,1.411764706,0.705882353,,,,,,,,,,
43,XSSAC,2020-06-09,1000,1.2975,1.4088,1.4199,1.4188,0.0011,0.0011,1.1,0.55,,,,,,,,,,
44,XSSAC,2020-06-09,1000,1.2946,1.4057,1.4179,1.4163,0.0016,0.0016,1.6,0.8,,,,,,,,,,
46,XSSAC,2020-06-09,1000,1.2971,1.409,1.4226,1.4212,0.0014,0.0014,1.4,0.7,,,,,,,,,,
15,BABYMARSH,2020-07-16,650,1.3017,1.4122,1.4249,1.4229,0.002,0.003076923,3.076923077,1.538461538,,,,,,,,,,
17,BABYMARSH,2020-07-16,650,1.2973,1.4087,1.4209,1.4192,0.0017,0.002615385,2.615384615,1.307692308,,,,,,,,,,
23,BABYMARSH,2020-07-16,650,1.3082,1.4207,1.4328,1.4309,0.0019,0.002923077,2.923076923,1.461538462,,,,,,,,,,
30,MOK-US-RR,2020-07-16,1300,1.3084,1.4204,1.4307,1.4288,0.0019,0.001461538,1.461538462,0.730769231,,,,,,,,,,
31,MOK-US-RR,2020-07-16,1300,1.3062,1.4169,1.4272,1.4255,0.0017,0.001307692,1.307692308,0.653846154,,,,,,,,,,
33,MOK-US-RR,2020-07-16,1300,1.2864,1.3984,1.4094,1.4075,0.0019,0.001461538,1.461538462,0.730769231,,,,,,,,,,
41,COS-BEACH,2020-07-16,750,1.2994,1.4124,1.4213,1.4194,0.0019,0.002533333,2.533333333,1.266666667,,,,,,,,,,
43,COS-BEACH,2020-07-16,750,1.2978,1.4096,1.419,1.4172,0.0018,0.0024,2.4,1.2,,,,,,,,,,
44,COS-BEACH,2020-07-16,750,1.2946,1.4074,1.4162,1.4145,0.0017,0.002266667,2.266666667,1.133333333,,,,,,,,,,
49,XSSAC,2020-07-16,1350,1.2937,1.4059,1.4216,1.4202,0.0014,0.001037037,1.037037037,0.518518519,,,,,,,,,,
50,XSSAC,2020-07-16,1350,1.2978,1.4093,1.4256,1.4237,0.0019,0.001407407,1.407407407,0.703703704,,,,,,,,,,
51,XSSAC,2020-07-16,1350,1.2737,1.3865,1.4043,1.4025,0.0018,0.001333333,1.333333333,0.666666667,,,,,,,,,,
72,BABYMARSH,2020-08-17,900,1.2988,1.4111,1.4242,1.4222,0.002,0.002222222,2.222222222,1.111111111,,,,,,,,,,
47,BABYMARSH,2020-08-17,900,1.2929,1.406,1.4181,1.416,0.0021,0.002333333,2.333333333,1.166666667,,,,,,,,,,
15,BABYMARSH,2020-08-17,900,1.3017,1.4145,1.4285,1.4259,0.0026,0.002888889,2.888888889,1.444444444,,,,,,,,,,
27,MOK-US-RR,2020-08-17,1200,1.2917,1.4035,1.4153,1.4131,0.0022,0.001833333,1.833333333,0.916666667,,,,,,,,,,
29,MOK-US-RR,2020-08-17,1000,1.3039,1.4172,1.4278,1.4261,0.0017,0.0017,1.7,0.85,,,,,,,,,,
30,MOK-US-RR,2020-08-17,1200,1.3088,1.4214,1.4298,1.4281,0.0017,0.001416667,1.416666667,0.708333333,,,,,,,,,,
34,COS-BEACH,2020-08-17,1250,1.3103,1.4226,1.4295,1.4277,0.0018,0.00144,1.44,0.72,,,,,,,,,,
35,COS-BEACH,2020-08-17,1250,1.3127,1.4259,1.4331,1.4312,0.0019,0.00152,1.52,0.76,,,,,,,,,,
41,COS-BEACH,2020-08-17,1250,1.2997,1.4116,1.4188,1.4167,0.0021,0.00168,1.68,0.84,,,,,,,,,,
46,XSSAC,2020-08-17,1500,1.2971,1.4093,1.4333,1.4309,0.0024,0.0016,1.6,0.8,,,,,,,,,,
48,XSSAC,2020-08-17,1500,1.2995,1.4115,1.4363,1.4338,0.0025,0.001666667,1.666666667,0.833333333,,,,,,,,,,
49,XSSAC,2020-08-17,1500,1.2938,1.406,1.4299,1.4274,0.0025,0.001666667,1.666666667,0.833333333,,,,,,,,,,
15,BABYMARSH,2020-10-07,500,1.3019,1.4136,1.4274,1.4256,0.0018,0.0036,3.6,1.8,,,,,,,,,,
27,BABYMARSH,2020-10-07,500,1.2918,1.404,1.4186,1.4165,0.0021,0.0042,4.2,2.1,,,,,,,,,,
29,BABYMARSH,2020-10-07,500,1.3039,1.4165,1.4315,1.4295,0.002,0.004,4,2,,,,,,,,,,
33,MOK-US-RR,2020-10-07,1500,1.2866,1.3989,1.4019,1.4011,0.0008,0.000533333,0.533333333,0.266666667,,,,,,,,,,
34,MOK-US-RR,2020-10-07,1500,1.3104,1.4244,1.4268,1.4257,0.0011,0.000733333,0.733333333,0.366666667,,,,,,,,,,
35,MOK-US-RR,2020-10-07,1500,1.3127,1.4249,1.4316,1.4305,0.0011,0.000733333,0.733333333,0.366666667,,,,,,,,,,
44,COS-BEACH,2020-10-07,500,1.295,1.4083,1.4136,1.4121,0.0015,0.003,3,1.5,,,,,,,,,,
47,COS-BEACH,2020-10-07,600,1.2931,1.4065,1.4122,1,0.0012,0.002,2,1,,,,,,,,,,
50,COS-BEACH,2020-10-07,600,1.2979,1.4109,1.4162,1.4147,0.0015,0.0025,2.5,1.25,,,,,,,,,,
56,XSSAC,2020-10-07,1500,1.2838,1.3962,1.4053,1.4041,0.0012,0.0008,0.8,0.4,,,,,,,,,,
58,XSSAC,2020-10-07,1500,1.3046,1.418,1.4282,1.4265,0.0017,0.001133333,1.133333333,0.566666667,,,,,,,,,,
60,XSSAC,2020-10-07,1500,1.3099,1.4159,1.4265,1.4251,0.0014,0.000933333,0.933333333,0.466666667,,,,,,,,,,
15,BABYMARSH,2020-11-06,1000,1.3013,1.4131,1.4232,1.4219,0.0013,0.0013,1.3,0.65,,,,,,,,,,
22,BABYMARSH,2020-11-06,1000,1.3151,1.4259,1.4363,1.435,0.0013,0.0013,1.3,0.65,,,,,,,,,,
26,BABYMARSH,2020-11-06,1000,1.2987,1.4105,1.4217,1.4201,0.0016,0.0016,1.6,0.8,,,,,,,,,,
30,MOK-US-RR,2020-11-06,1500,1.3089,1.4202,1.4259,1.4249,0.001,0.000666667,0.666666667,0.333333333,,,,,,,,,,
31,MOK-US-RR,2020-11-06,1500,1.3065,1.419,1.4239,1.4228,0.0011,0.000733333,0.733333333,0.366666667,,,,,,,,,,
33,MOK-US-RR,2020-11-06,1500,1.2864,1.3981,1.4039,1.4028,0.0011,0.000733333,0.733333333,0.366666667,,,,,,,,,,
41,COS-BEACH,2020-11-06,1250,1.3,1.4129,1.4213,1.4199,0.0014,0.00112,1.12,0.56,,,,,,,,,,
43,COS-BEACH,2020-11-06,1000,1.2985,1.4129,1.4202,1.4191,0.0011,0.0011,1.1,0.55,,,,,,,,,,
44,COS-BEACH,2020-11-06,1000,1.2953,1.4081,1.4157,1.4145,0.0012,0.0012,1.2,0.6,,,,,,,,,,
49,XSSAC,2020-11-06,1500,1.2938,1.4053,1.4163,1.415,0.0013,0.000866667,0.866666667,0.433333333,,,,,,,,,,
50,XSSAC,2020-11-06,1500,1.2982,1.4113,1.4236,1.4222,0.0014,0.000933333,0.933333333,0.466666667,,,,,,,,,,
51,XSSAC,2020-11-06,1500,1.274,1.3873,1.3979,1.3965,0.0014,0.000933333,0.933333333,0.466666667,,,,,,,,,,
8,MOK-US-RR,2020-12-11,1500,1.296,1.4071,1.411,1.4099,0.0011,0.000733333,0.733333333,0.366666667,,,,,,,,,,
9,MOK-US-RR,2020-12-11,1500,1.2893,1.4032,1.409,1.4079,0.0011,0.000733333,0.733333333,0.366666667,,,,,,,,,,
10,MOK-US-RR,2020-12-11,1500,1.2922,1.4051,1.409,1.4082,0.0008,0.000533333,0.533333333,0.266666667,,,,,,,,,,
14,XSSAC,2020-12-11,1500,1.3081,1.422,1.4282,1.427,0.0012,0.0008,0.8,0.4,,,,,,,,,,
16,XSSAC,2020-12-11,1500,1.306,1.4178,1.4285,1.427,0.0015,0.001,1,0.5,,,,,,,,,,
17,XSSAC,2020-12-11,1500,1.2977,1.4094,1.4229,1.4213,0.0016,0.001066667,1.066666667,0.533333333,,,,,,,,,,
23,BABYMARSH,2020-12-11,700,1.3083,1.4204,1.431,1.4295,0.0015,0.002142857,2.142857143,1.071428571,,,,,,,,,,
24,BABYMARSH,2020-12-11,700,1.2966,1.4089,1.4213,1.4197,0.0016,0.002285714,2.285714286,1.142857143,,,,,,,,,,
25,BABYMARSH,2020-12-11,700,1.3039,1.4144,1.4227,1.4216,0.0011,0.001571429,1.571428571,0.785714286,,,,,,,,,,
34,COS-BEACH,2020-12-11,1000,1.3107,1.423,1.4292,1.4278,0.0014,0.0014,1.4,0.7,,,,,,,,,,
35,COS-BEACH,2020-12-11,1000,1.3129,1.4262,1.4321,1.4308,0.0013,0.0013,1.3,0.65,,,,,,,,,,
47,COS-BEACH,2020-12-11,1000,1.2936,1.4075,1.4135,1.4122,0.0013,0.0013,1.3,0.65,,,,,,,,,,
